method,uri,name,action,middleware,literal_references_in_runtime
GET|HEAD,/,,Closure,web,
GET|HEAD,admin-prodi,admin-prodi.,Closure,"web, admin_prodi.auth",
GET|HEAD,admin-prodi/akademik/kelas,admin-prodi.akademik.kelas,App\Http\Controllers\AdminProdi\AkademikProdiController@kelasIndex,"web, admin_prodi.auth",resources/views/admin-prodi/dashboard.blade.php; resources/views/layouts/mahasiswa.blade.php; resources/views/admin-prodi/akademik/matakuliah.blade.php; app/Http/Controllers/AdminProdi/AkademikProdiController.php
POST,admin-prodi/akademik/kelas,admin-prodi.akademik.kelas.store,App\Http\Controllers\AdminProdi\AkademikProdiController@storeKelas,"web, admin_prodi.auth",resources/views/admin-prodi/akademik/kelas.blade.php
PUT,admin-prodi/akademik/kelas/{section},admin-prodi.akademik.kelas.update,App\Http\Controllers\AdminProdi\AkademikProdiController@updateKelas,"web, admin_prodi.auth",
DELETE,admin-prodi/akademik/kelas/{section},admin-prodi.akademik.kelas.destroy,App\Http\Controllers\AdminProdi\AkademikProdiController@destroyKelas,"web, admin_prodi.auth",resources/views/admin-prodi/akademik/kelas.blade.php
GET|HEAD,admin-prodi/akademik/kelas/{section}/barcode,admin-prodi.akademik.kelas.barcode,App\Http\Controllers\AdminProdi\AkademikProdiController@barcode,"web, admin_prodi.auth",
GET|HEAD,admin-prodi/akademik/kelas/{section}/qr,admin-prodi.akademik.kelas.qr,App\Http\Controllers\AdminProdi\AkademikProdiController@qrCode,"web, admin_prodi.auth",
POST,admin-prodi/akademik/kelas/{section}/regenerate-code,admin-prodi.akademik.kelas.regenerate-code,App\Http\Controllers\AdminProdi\AkademikProdiController@regenerateCode,"web, admin_prodi.auth",
GET|HEAD,admin-prodi/akademik/matakuliah,admin-prodi.akademik.matakuliah,App\Http\Controllers\AdminProdi\AkademikProdiController@matakuliahIndex,"web, admin_prodi.auth",resources/views/layouts/mahasiswa.blade.php; resources/views/admin-prodi/akademik/matakuliah.blade.php; app/Http/Controllers/AdminProdi/AkademikProdiController.php
POST,admin-prodi/akademik/matakuliah,admin-prodi.akademik.matakuliah.store,App\Http\Controllers\AdminProdi\AkademikProdiController@storeMataKuliah,"web, admin_prodi.auth",resources/views/admin-prodi/akademik/matakuliah.blade.php
PUT,admin-prodi/akademik/matakuliah/{mataKuliah},admin-prodi.akademik.matakuliah.update,App\Http\Controllers\AdminProdi\AkademikProdiController@updateMataKuliah,"web, admin_prodi.auth",
DELETE,admin-prodi/akademik/matakuliah/{mataKuliah},admin-prodi.akademik.matakuliah.destroy,App\Http\Controllers\AdminProdi\AkademikProdiController@destroyMataKuliah,"web, admin_prodi.auth",resources/views/admin-prodi/akademik/matakuliah.blade.php
GET|HEAD,admin-prodi/dashboard,admin-prodi.dashboard,App\Http\Controllers\AdminProdi\AdminProdiDashboardController@index,"web, admin_prodi.auth",resources/views/admin-prodi/kurikulum/index.blade.php; resources/views/layouts/mahasiswa.blade.php; resources/views/admin-prodi/users/index.blade.php; resources/views/admin-prodi/akademik/kelas.blade.php; resources/views/admin-prodi/akademik/matakuliah.blade.php; resources/views/admin-prodi/laporan/index.blade.php; app/Http/Controllers/AuthController.php; app/Http/Controllers/AdminProdi/AdminProdiDashboardController.php; app/Http/Controllers/AdminProdi/ProdiManagementController.php
GET|HEAD,admin-prodi/kurikulum,admin-prodi.kurikulum.index,App\Http\Controllers\AdminProdi\KurikulumController@index,"web, admin_prodi.auth",resources/views/admin-prodi/dashboard.blade.php; resources/views/admin-prodi/kurikulum/index.blade.php; resources/views/layouts/mahasiswa.blade.php; resources/views/admin-prodi/akademik/matakuliah.blade.php; app/Http/Controllers/AdminProdi/KurikulumController.php
POST,admin-prodi/kurikulum/cpl,admin-prodi.kurikulum.cpl.store,App\Http\Controllers\AdminProdi\KurikulumController@storeCpl,"web, admin_prodi.auth",resources/views/admin-prodi/kurikulum/index.blade.php
PUT,admin-prodi/kurikulum/cpl/{cpl},admin-prodi.kurikulum.cpl.update,App\Http\Controllers\AdminProdi\KurikulumController@updateCpl,"web, admin_prodi.auth",
DELETE,admin-prodi/kurikulum/cpl/{cpl},admin-prodi.kurikulum.cpl.destroy,App\Http\Controllers\AdminProdi\KurikulumController@destroyCpl,"web, admin_prodi.auth",resources/views/admin-prodi/kurikulum/index.blade.php
POST,admin-prodi/kurikulum/cpmk,admin-prodi.kurikulum.cpmk.store,App\Http\Controllers\AdminProdi\KurikulumController@storeCpmk,"web, admin_prodi.auth",resources/views/admin-prodi/kurikulum/index.blade.php
PUT,admin-prodi/kurikulum/cpmk/{cpmk},admin-prodi.kurikulum.cpmk.update,App\Http\Controllers\AdminProdi\KurikulumController@updateCpmk,"web, admin_prodi.auth",
DELETE,admin-prodi/kurikulum/cpmk/{cpmk},admin-prodi.kurikulum.cpmk.destroy,App\Http\Controllers\AdminProdi\KurikulumController@destroyCpmk,"web, admin_prodi.auth",resources/views/admin-prodi/kurikulum/index.blade.php
POST,admin-prodi/kurikulum/mapping,admin-prodi.kurikulum.mapping.update,App\Http\Controllers\AdminProdi\KurikulumController@updateMapping,"web, admin_prodi.auth",
GET|HEAD,admin-prodi/laporan,admin-prodi.laporan.index,App\Http\Controllers\AdminProdi\LaporanProdiController@index,"web, admin_prodi.auth",resources/views/layouts/mahasiswa.blade.php; resources/views/admin-prodi/laporan/print.blade.php; app/Http/Controllers/AdminProdi/LaporanProdiController.php
GET|HEAD,admin-prodi/laporan/cetak,admin-prodi.laporan.print,App\Http\Controllers\AdminProdi\LaporanProdiController@print,"web, admin_prodi.auth",resources/views/admin-prodi/laporan/index.blade.php; app/Http/Controllers/AdminProdi/LaporanProdiController.php
GET|HEAD,admin-prodi/laporan/export,admin-prodi.laporan.export,App\Http\Controllers\AdminProdi\LaporanProdiController@export,"web, admin_prodi.auth",resources/views/admin-prodi/laporan/index.blade.php; resources/views/admin-prodi/laporan/print.blade.php
GET|HEAD,admin-prodi/pengguna,admin-prodi.users.index,App\Http\Controllers\AdminProdi\UserProdiController@index,"web, admin_prodi.auth",resources/views/admin-prodi/dashboard.blade.php; resources/views/layouts/mahasiswa.blade.php; resources/views/admin-prodi/users/index.blade.php; app/Http/Controllers/AdminProdi/UserProdiController.php
POST,admin-prodi/pengguna,admin-prodi.users.store,App\Http\Controllers\AdminProdi\UserProdiController@store,"web, admin_prodi.auth",resources/views/admin-prodi/users/index.blade.php
POST,admin-prodi/pengguna/import,admin-prodi.users.import,App\Http\Controllers\AdminProdi\UserProdiController@import,"web, admin_prodi.auth",resources/views/admin-prodi/users/index.blade.php
GET|HEAD,admin-prodi/pengguna/template/{type},admin-prodi.users.template,App\Http\Controllers\AdminProdi\UserProdiController@downloadTemplate,"web, admin_prodi.auth",resources/views/admin-prodi/users/index.blade.php
PUT,admin-prodi/pengguna/{user},admin-prodi.users.update,App\Http\Controllers\AdminProdi\UserProdiController@update,"web, admin_prodi.auth",
DELETE,admin-prodi/pengguna/{user},admin-prodi.users.destroy,App\Http\Controllers\AdminProdi\UserProdiController@destroy,"web, admin_prodi.auth",resources/views/admin-prodi/users/index.blade.php
GET|HEAD|POST|PUT|PATCH|DELETE|OPTIONS,admin-prodi/prodi,admin-prodi.prodi.index,Illuminate\Routing\RedirectController,"web, admin_prodi.auth",
POST,admin-prodi/prodi,admin-prodi.prodi.store,App\Http\Controllers\AdminProdi\ProdiManagementController@store,"web, admin_prodi.auth",
PUT,admin-prodi/prodi/{prodi},admin-prodi.prodi.update,App\Http\Controllers\AdminProdi\ProdiManagementController@update,"web, admin_prodi.auth",
DELETE,admin-prodi/prodi/{prodi},admin-prodi.prodi.destroy,App\Http\Controllers\AdminProdi\ProdiManagementController@destroy,"web, admin_prodi.auth",
POST,admin/akademik,admin.academic.store,App\Http\Controllers\AdminPreviewController@academic,"web, role:admin",resources/views/admin/akademik.blade.php
POST,admin/akademik/reset,admin.academic.reset,App\Http\Controllers\AdminPreviewController@resetAcademic,"web, role:admin",resources/views/admin/akademik.blade.php
POST,admin/akademik/{id}/delete,admin.academic.destroy,App\Http\Controllers\AdminPreviewController@deleteAcademic,"web, role:admin",resources/views/admin/akademik.blade.php
GET|HEAD,admin/laporan/export,admin.export,App\Http\Controllers\AdminPreviewController@export,"web, role:admin",resources/views/admin/laporan.blade.php
POST,admin/pengaturan,admin.settings.store,App\Http\Controllers\AdminPreviewController@settings,"web, role:admin",resources/views/admin/pengaturan.blade.php
POST,admin/pengguna,admin.users.store,App\Http\Controllers\AdminPreviewController@user,"web, role:admin",resources/views/admin/pengguna.blade.php
POST,admin/pengguna/bulk,admin.users.bulk,App\Http\Controllers\AdminPreviewController@bulkUsers,"web, role:admin",resources/views/admin/pengguna.blade.php
POST,admin/pengguna/{id}/delete,admin.users.destroy,App\Http\Controllers\AdminPreviewController@deleteUser,"web, role:admin",resources/views/admin/pengguna.blade.php
GET|HEAD,admin/{section?},admin.page,App\Http\Controllers\AdminPreviewController@page,"web, role:admin",resources/views/layouts/mahasiswa.blade.php; resources/views/admin/dashboard.blade.php; resources/views/admin/pengguna.blade.php; resources/views/admin/laporan.blade.php; resources/views/admin/akademik.blade.php; resources/views/admin/pengaturan.blade.php; resources/views/admin/monitoring.blade.php; resources/views/admin/partials/monitoring-filters.blade.php; app/Http/Controllers/AuthController.php
POST,ai/login,ai.login,App\Http\Controllers\AiTutorController@login,"web, throttle:10,1",resources/views/mahasiswa/assignment-code.blade.php
POST,ai/logout,ai.logout,App\Http\Controllers\AiTutorController@logout,"web, auth",
GET|HEAD,ai/tasks/{assignment},ai.status,App\Http\Controllers\AiTutorController@status,"web, auth",
POST,ai/tasks/{assignment},ai.send,App\Http\Controllers\AiTutorController@send,"web, auth",resources/views/mahasiswa/assignment-code.blade.php
GET|POST|HEAD,broadcasting/auth,,Illuminate\Broadcasting\BroadcastController@authenticate,web,
GET|HEAD,chat/course/{course}/members,chat.members,App\Http\Controllers\ChatController@getMembers,web,
GET|HEAD,chat/course/{course}/messages,chat.messages.index,App\Http\Controllers\ChatController@getMessages,web,
POST,chat/course/{course}/messages,chat.messages.store,App\Http\Controllers\ChatController@sendMessage,web,
DELETE,chat/messages/{message},chat.messages.destroy,App\Http\Controllers\ChatController@deleteMessage,web,
POST,chat/messages/{message}/pin,chat.messages.pin,App\Http\Controllers\ChatController@pinMessage,web,
POST,code/run/{assignment},code.run,App\Http\Controllers\CodeRunnerController@run,"web, auth, throttle:15,1",
GET|HEAD,dosen/assignment/{assignment}/code,dosen.assignment.code,App\Http\Controllers\Mahasiswa\AssignmentController@code,"web, role:dosen",
GET|HEAD,dosen/course,dosen.course.index,App\Http\Controllers\LearningController@courses,"web, role:dosen",resources/views/learning/courses.blade.php; resources/views/layouts/mahasiswa.blade.php; resources/views/dosen/item-form.blade.php; resources/views/dosen/dashboard.blade.php; resources/views/mahasiswa/join-kelas-result.blade.php; resources/views/mahasiswa/join-kelas-confirm.blade.php; resources/views/dosen/course-form.blade.php; app/Http/Controllers/Mahasiswa/EnrollmentController.php
POST,dosen/course,dosen.course.store,App\Http\Controllers\LearningController@storeCourse,"web, role:dosen",resources/views/dosen/course-form.blade.php
GET|HEAD,dosen/course/create,dosen.course.create,App\Http\Controllers\LearningController@createCourse,"web, role:dosen",
GET|HEAD,dosen/course/{course},dosen.course.show,App\Http\Controllers\LearningController@course,"web, role:dosen",resources/views/learning/item.blade.php; resources/views/learning/discussions.blade.php; resources/views/dosen/item-form.blade.php; resources/views/dosen/dashboard.blade.php; resources/views/mahasiswa/assignment-code.blade.php; resources/views/dosen/penilaian/tugas-grading.blade.php; resources/views/dosen/penilaian/item-grading.blade.php; app/Http/Middleware/EnsureRole.php; resources/views/dosen/partials/grades-room-header.blade.php; app/Http/Controllers/LearningController.php; app/Http/Controllers/Mahasiswa/EnrollmentController.php
GET|HEAD,dosen/course/{course}/create,dosen.item.create,App\Http\Controllers\LearningController@createItem,"web, role:dosen",resources/views/learning/item.blade.php; resources/views/learning/course.blade.php; resources/views/dosen/partials/assessment-sheet.blade.php
POST,dosen/course/{course}/discussion,dosen.course.discuss.class,App\Http\Controllers\LearningController@discussCourse,"web, role:dosen",resources/views/learning/course.blade.php
GET|HEAD,dosen/course/{course}/item/{item},dosen.course.item,App\Http\Controllers\LearningController@item,"web, role:dosen",resources/views/learning/course.blade.php
POST,dosen/course/{course}/item/{item}/discussion,dosen.course.discuss,App\Http\Controllers\LearningController@discuss,"web, role:dosen",
GET|HEAD,dosen/course/{course}/item/{item}/penilaian,dosen.item.penilaian,App\Http\Controllers\AcademicController@assessmentGrading,"web, role:dosen",resources/views/learning/item.blade.php; resources/views/dosen/penilaian/essay-evaluation.blade.php
GET|HEAD,dosen/course/{course}/item/{item}/penilaian-tugas,dosen.item.penilaian.tugas,App\Http\Controllers\AcademicController@tugasGrading,"web, role:dosen",resources/views/learning/item.blade.php; app/Http/Controllers/AcademicController.php
POST,dosen/course/{course}/item/{item}/penilaian-tugas/{student},dosen.item.penilaian.tugas.save,App\Http\Controllers\AcademicController@saveTugasScore,"web, role:dosen",
GET|HEAD,dosen/course/{course}/item/{item}/penilaian/{student}/{questionIndex?},dosen.item.penilaian.esai,App\Http\Controllers\AcademicController@evaluateEssay,"web, role:dosen",resources/views/dosen/penilaian/item-grading.blade.php; app/Http/Controllers/AcademicController.php
POST,dosen/course/{course}/item/{item}/penilaian/{student}/{questionIndex},dosen.item.penilaian.esai.save,App\Http\Controllers\AcademicController@saveEssayScore,"web, role:dosen",resources/views/dosen/penilaian/essay-evaluation.blade.php
POST,dosen/course/{course}/items,dosen.item.store,App\Http\Controllers\LearningController@storeItem,"web, role:dosen",resources/views/dosen/item-form.blade.php
GET|HEAD,dosen/dashboard,dosen.dashboard,App\Http\Controllers\Dosen\DashboardController@index,"web, role:dosen",resources/views/layouts/mahasiswa.blade.php; resources/views/dosen/partials/grades-class-list.blade.php; app/Http/Controllers/AuthController.php; app/Http/Controllers/Dosen/DashboardController.php
GET|HEAD,dosen/discussion,dosen.discussion.index,App\Http\Controllers\LearningController@discussions,"web, role:dosen",resources/views/learning/discussions.blade.php; resources/views/layouts/mahasiswa.blade.php; resources/views/dosen/dashboard.blade.php
GET|HEAD,dosen/notifikasi,dosen.notifications,App\Http\Controllers\LearningController@dosenNotifications,"web, role:dosen",resources/views/layouts/mahasiswa.blade.php; resources/views/dosen/notifikasi.blade.php
POST,dosen/notifikasi/clear,dosen.notifications.clear,App\Http\Controllers\LearningController@clearNotifications,"web, role:dosen",
POST,dosen/notifikasi/{id}/delete,dosen.notifications.delete,App\Http\Controllers\LearningController@deleteNotification,"web, role:dosen",resources/views/dosen/partials/notification-item-dosen.blade.php
GET|POST|HEAD,dosen/notifikasi/{id}/read,dosen.notifications.read,App\Http\Controllers\LearningController@markNotificationRead,"web, role:dosen",resources/views/dosen/notifikasi.blade.php; resources/views/dosen/partials/notification-item-dosen.blade.php
GET|HEAD|POST|PUT|PATCH|DELETE|OPTIONS,dosen/penilaian,dosen.grades,Illuminate\Routing\RedirectController,"web, role:dosen",resources/views/dosen/dashboard.blade.php; resources/views/dosen/partials/assessment-project.blade.php; resources/views/dosen/partials/assessment-tugas.blade.php; resources/views/dosen/partials/assessment-quiz.blade.php; resources/views/dosen/partials/assessment-uts.blade.php; resources/views/dosen/partials/assessment-uas.blade.php; resources/views/dosen/partials/assessment-sheet.blade.php; resources/views/dosen/partials/grades-class-list.blade.php; resources/views/dosen/partials/grades-room-header.blade.php
GET|HEAD,dosen/penilaian-kelas,dosen.penilaian.index,App\Http\Controllers\Dosen\ClassSectionController@index,"web, role:dosen",resources/views/layouts/mahasiswa.blade.php; resources/views/mahasiswa/join-kelas-result.blade.php; resources/views/dosen/penilaian/dashboard.blade.php; resources/views/dosen/partials/header.blade.php
GET|HEAD,dosen/penilaian-kelas/{section},dosen.penilaian.dashboard,App\Http\Controllers\Dosen\PenilaianController@dashboard,"web, role:dosen",resources/views/layouts/mahasiswa.blade.php
GET|HEAD,dosen/penilaian-kelas/{section}/asesmen,dosen.penilaian.asesmen,App\Http\Controllers\Dosen\PenilaianController@asesmen,"web, role:dosen",resources/views/dosen/matriks.blade.php; resources/views/dosen/class-section/index.blade.php; resources/views/dosen/penilaian/rubrik-nilai.blade.php; resources/views/dosen/penilaian/input-nilai.blade.php; resources/views/dosen/penilaian/import-nilai.blade.php; resources/views/dosen/penilaian/rubrik.blade.php; resources/views/dosen/penilaian/assessment-form.blade.php; resources/views/dosen/partials/header.blade.php; app/Http/Controllers/Dosen/PenilaianController.php; app/Http/Controllers/Dosen/AssessmentController.php
POST,dosen/penilaian-kelas/{section}/asesmen,dosen.penilaian.asesmen.store,App\Http\Controllers\Dosen\AssessmentController@store,"web, role:dosen",resources/views/dosen/penilaian/assessment-form.blade.php
POST,dosen/penilaian-kelas/{section}/asesmen/quick,dosen.penilaian.asesmen.quick,App\Http\Controllers\Dosen\AssessmentController@quickStore,"web, role:dosen",resources/views/dosen/matriks.blade.php
GET|HEAD,dosen/penilaian-kelas/{section}/asesmen/tambah,dosen.penilaian.asesmen.create,App\Http\Controllers\Dosen\AssessmentController@create,"web, role:dosen",
PUT,dosen/penilaian-kelas/{section}/asesmen/{assessment},dosen.penilaian.asesmen.update,App\Http\Controllers\Dosen\AssessmentController@update,"web, role:dosen",resources/views/dosen/penilaian/assessment-form.blade.php
DELETE,dosen/penilaian-kelas/{section}/asesmen/{assessment},dosen.penilaian.asesmen.destroy,App\Http\Controllers\Dosen\AssessmentController@destroy,"web, role:dosen",
GET|HEAD,dosen/penilaian-kelas/{section}/asesmen/{assessment}/nilai,dosen.penilaian.asesmen.nilai,App\Http\Controllers\Dosen\InputNilaiController@show,"web, role:dosen",resources/views/dosen/penilaian/rubrik-nilai.blade.php; resources/views/dosen/penilaian/asesmen.blade.php; resources/views/dosen/penilaian/import-nilai.blade.php; app/Http/Controllers/Dosen/InputNilaiController.php
POST,dosen/penilaian-kelas/{section}/asesmen/{assessment}/nilai,dosen.penilaian.asesmen.nilai.store,App\Http\Controllers\Dosen\InputNilaiController@store,"web, role:dosen",resources/views/dosen/penilaian/input-nilai.blade.php
GET|HEAD,dosen/penilaian-kelas/{section}/asesmen/{assessment}/nilai/import,dosen.penilaian.asesmen.nilai.import,App\Http\Controllers\Dosen\InputNilaiController@import,"web, role:dosen",resources/views/dosen/penilaian/import-nilai.blade.php; app/Http/Controllers/Dosen/InputNilaiController.php
POST,dosen/penilaian-kelas/{section}/asesmen/{assessment}/nilai/import,dosen.penilaian.asesmen.nilai.import.process,App\Http\Controllers\Dosen\InputNilaiController@processImport,"web, role:dosen",resources/views/dosen/penilaian/import-nilai.blade.php
GET|HEAD,dosen/penilaian-kelas/{section}/asesmen/{assessment}/nilai/template,dosen.penilaian.asesmen.nilai.template,App\Http\Controllers\Dosen\InputNilaiController@downloadTemplate,"web, role:dosen",
GET|HEAD,dosen/penilaian-kelas/{section}/asesmen/{assessment}/rubrik,dosen.penilaian.asesmen.rubrik,App\Http\Controllers\Dosen\RubricController@edit,"web, role:dosen",resources/views/dosen/penilaian/rubrik-nilai.blade.php; app/Http/Controllers/Dosen/RubricController.php
POST,dosen/penilaian-kelas/{section}/asesmen/{assessment}/rubrik,dosen.penilaian.asesmen.rubrik.save,App\Http\Controllers\Dosen\RubricController@save,"web, role:dosen",resources/views/dosen/penilaian/rubrik.blade.php
GET|HEAD,dosen/penilaian-kelas/{section}/asesmen/{assessment}/rubrik/nilai,dosen.penilaian.asesmen.rubrik.nilai,App\Http\Controllers\Dosen\RubricController@scores,"web, role:dosen",app/Http/Controllers/Dosen/RubricController.php
POST,dosen/penilaian-kelas/{section}/asesmen/{assessment}/rubrik/nilai,dosen.penilaian.asesmen.rubrik.nilai.store,App\Http\Controllers\Dosen\RubricController@storeScores,"web, role:dosen",resources/views/dosen/penilaian/rubrik-nilai.blade.php
GET|HEAD,dosen/penilaian-kelas/{section}/asesmen/{assessment}/ubah,dosen.penilaian.asesmen.edit,App\Http\Controllers\Dosen\AssessmentController@edit,"web, role:dosen",
GET|HEAD,dosen/penilaian-kelas/{section}/cpl,dosen.penilaian.cpl,App\Http\Controllers\Dosen\PenilaianController@cpl,"web, role:dosen",resources/views/layouts/mahasiswa.blade.php
GET|HEAD,dosen/penilaian-kelas/{section}/cpl/export,dosen.penilaian.cpl.export,App\Http\Controllers\Dosen\ExportController@rekapCpl,"web, role:dosen",
GET|HEAD,dosen/penilaian-kelas/{section}/cpl/export/excel,dosen.penilaian.cpl.export.excel,App\Http\Controllers\Dosen\ExportController@rekapCplExcel,"web, role:dosen",
GET|HEAD,dosen/penilaian-kelas/{section}/cpmk,dosen.penilaian.cpmk,App\Http\Controllers\Dosen\PenilaianController@cpmk,"web, role:dosen",resources/views/layouts/mahasiswa.blade.php; resources/views/dosen/partials/header.blade.php
GET|HEAD,dosen/penilaian-kelas/{section}/cpmk/export,dosen.penilaian.cpmk.export,App\Http\Controllers\Dosen\ExportController@rekapCpmk,"web, role:dosen",
GET|HEAD,dosen/penilaian-kelas/{section}/cpmk/export/excel,dosen.penilaian.cpmk.export.excel,App\Http\Controllers\Dosen\ExportController@rekapCpmkExcel,"web, role:dosen",
GET|HEAD,dosen/penilaian-kelas/{section}/export,dosen.penilaian.export,App\Http\Controllers\Dosen\ExportController@index,"web, role:dosen",app/Http/Controllers/Dosen/ExportController.php
GET|HEAD,dosen/penilaian-kelas/{section}/export/cpl,dosen.penilaian.export.cpl,App\Http\Controllers\Dosen\ExportController@rekapCpl,"web, role:dosen",resources/views/dosen/cpl.blade.php; resources/views/dosen/penilaian/export.blade.php
GET|HEAD,dosen/penilaian-kelas/{section}/export/cpl/excel,dosen.penilaian.export.cpl.excel,App\Http\Controllers\Dosen\ExportController@rekapCplExcel,"web, role:dosen",resources/views/dosen/penilaian/export.blade.php
GET|HEAD,dosen/penilaian-kelas/{section}/export/cpmk,dosen.penilaian.export.cpmk,App\Http\Controllers\Dosen\ExportController@rekapCpmk,"web, role:dosen",resources/views/dosen/penilaian/export.blade.php
GET|HEAD,dosen/penilaian-kelas/{section}/export/cpmk/excel,dosen.penilaian.export.cpmk.excel,App\Http\Controllers\Dosen\ExportController@rekapCpmkExcel,"web, role:dosen",resources/views/dosen/rekap.blade.php; resources/views/dosen/cpmk.blade.php; resources/views/dosen/penilaian/export.blade.php
GET|HEAD,dosen/penilaian-kelas/{section}/export/keseluruhan,dosen.penilaian.export.keseluruhan,App\Http\Controllers\Dosen\ExportController@rekapKeseluruhan,"web, role:dosen",resources/views/dosen/penilaian/export.blade.php
GET|HEAD,dosen/penilaian-kelas/{section}/export/keseluruhan/excel,dosen.penilaian.export.keseluruhan.excel,App\Http\Controllers\Dosen\ExportController@rekapKeseluruhanExcel,"web, role:dosen",resources/views/dosen/penilaian/export.blade.php
GET|HEAD,dosen/penilaian-kelas/{section}/export/nilai-asesmen,dosen.penilaian.export.nilai,App\Http\Controllers\Dosen\ExportController@rekapNilaiAssessment,"web, role:dosen",resources/views/dosen/penilaian/export.blade.php
GET|HEAD,dosen/penilaian-kelas/{section}/export/nilai-asesmen/excel,dosen.penilaian.export.nilai.excel,App\Http\Controllers\Dosen\ExportController@rekapNilaiAssessmentExcel,"web, role:dosen",resources/views/dosen/penilaian/export.blade.php
GET|HEAD,dosen/penilaian-kelas/{section}/matriks,dosen.penilaian.matriks,App\Http\Controllers\Dosen\PenilaianController@matriks,"web, role:dosen",resources/views/layouts/mahasiswa.blade.php; resources/views/dosen/rekap.blade.php; resources/views/dosen/partials/header.blade.php; app/Http/Controllers/Dosen/PenilaianController.php; app/Http/Controllers/Dosen/AssessmentController.php
POST,dosen/penilaian-kelas/{section}/matriks,dosen.penilaian.matriks.save,App\Http\Controllers\Dosen\PenilaianController@saveMatriks,"web, role:dosen",resources/views/dosen/matriks.blade.php
GET|HEAD,dosen/penilaian-kelas/{section}/pengaturan,dosen.penilaian.pengaturan,App\Http\Controllers\Dosen\PenilaianController@pengaturan,"web, role:dosen",resources/views/layouts/mahasiswa.blade.php
GET|HEAD,dosen/penilaian-kelas/{section}/rekap,dosen.penilaian.rekap,App\Http\Controllers\Dosen\PenilaianController@rekap,"web, role:dosen",resources/views/layouts/mahasiswa.blade.php; resources/views/dosen/class-section/index.blade.php; resources/views/dosen/partials/header.blade.php
GET|HEAD,dosen/penilaian-kelas/{section}/rekap/export,dosen.penilaian.rekap.export,App\Http\Controllers\Dosen\ExportController@rekapKeseluruhan,"web, role:dosen",
GET|HEAD,dosen/penilaian-kelas/{section}/rekap/export/excel,dosen.penilaian.rekap.export.excel,App\Http\Controllers\Dosen\ExportController@rekapKeseluruhanExcel,"web, role:dosen",
GET|HEAD,dosen/penilaian-kelas/{section}/rekap/print,dosen.penilaian.rekap.print,App\Http\Controllers\Dosen\ExportController@printRekap,"web, role:dosen",
POST,dosen/penilaian/{item},dosen.grade.save,App\Http\Controllers\AcademicController@gradeItem,"web, role:dosen",
GET|HEAD,dosen/profil,dosen.profile.index,App\Http\Controllers\Dosen\ProfileController@index,"web, role:dosen",resources/views/layouts/mahasiswa.blade.php; app/Http/Controllers/Dosen/ProfileController.php
PUT,dosen/profil/notifikasi,dosen.profile.notifications,App\Http\Controllers\Dosen\ProfileController@updateNotificationPreferences,"web, role:dosen",resources/views/dosen/profil.blade.php
PUT,dosen/profil/password,dosen.profile.password,App\Http\Controllers\Dosen\ProfileController@updatePassword,"web, role:dosen",resources/views/dosen/profil.blade.php
GET|HEAD,dosen/rekap-nilai,dosen.rekap.index,App\Http\Controllers\Dosen\ClassSectionController@rekapIndex,"web, role:dosen",resources/views/layouts/mahasiswa.blade.php; resources/views/dosen/partials/header.blade.php; resources/views/dosen/partials/assessment-sheet.blade.php; resources/views/dosen/partials/grades-class-list.blade.php
POST,join-kelas-langsung,mahasiswa.join-kelas.direct,App\Http\Controllers\Mahasiswa\EnrollmentController@joinDirect,"web, role:mahasiswa,dosen",resources/views/learning/partials/join-class-dialog.blade.php
GET|HEAD,join-kelas/{code},mahasiswa.join-kelas,App\Http\Controllers\Mahasiswa\EnrollmentController@confirm,"web, role:mahasiswa,dosen",app/Http/Controllers/Mahasiswa/EnrollmentController.php
POST,join-kelas/{code},mahasiswa.join-kelas.post,App\Http\Controllers\Mahasiswa\EnrollmentController@join,"web, role:mahasiswa,dosen",resources/views/mahasiswa/join-kelas-confirm.blade.php
GET|HEAD,kelas/{section}/barcode,kelas.barcode,App\Http\Controllers\AdminProdi\AkademikProdiController@barcode,"web, role:dosen,admin_prodi,admin",resources/views/admin-prodi/akademik/kelas.blade.php
GET|HEAD,kelas/{section}/qr,kelas.qr,App\Http\Controllers\AdminProdi\AkademikProdiController@qrCode,"web, role:dosen,admin_prodi,admin",resources/views/admin-prodi/akademik/kelas.blade.php; app/Http/Controllers/LearningController.php; app/Http/Controllers/Dosen/DashboardController.php; app/Http/Controllers/Mahasiswa/DashboardController.php
GET|HEAD,login,login,App\Http\Controllers\AuthController@login,web,resources/views/auth/login.blade.php; app/Http/Middleware/EnsureRole.php; app/Http/Middleware/EnsureAdminProdiAuth.php; app/Http/Controllers/AuthController.php; app/Http/Controllers/Mahasiswa/EnrollmentController.php
POST,login,login.post,App\Http\Controllers\AuthController@authenticate,"web, throttle:5,1",resources/views/auth/login.blade.php
POST,logout,logout,App\Http\Controllers\AuthController@logout,web,resources/views/layouts/mahasiswa.blade.php
GET|HEAD,mahasiswa/assignment,mahasiswa.assignment.index,App\Http\Controllers\LearningController@assignments,"web, role:mahasiswa",resources/views/learning/assignments.blade.php; resources/views/layouts/mahasiswa.blade.php; app/Support/LearningPreview.php; resources/views/mahasiswa/dashboard.blade.php; resources/views/mahasiswa/assignment.blade.php
GET|HEAD,mahasiswa/assignment/{assignment}/code,mahasiswa.assignment.code,App\Http\Controllers\Mahasiswa\AssignmentController@code,"web, role:mahasiswa,dosen",resources/views/learning/item.blade.php; resources/views/learning/course.blade.php; resources/views/learning/assignments.blade.php; app/Support/LearningPreview.php; app/Http/Controllers/AiTutorController.php
GET|HEAD,mahasiswa/capaian-obe,mahasiswa.obe.progress,App\Http\Controllers\Mahasiswa\ObeProgressController@index,"web, role:mahasiswa",resources/views/layouts/mahasiswa.blade.php; app/Support/LearningPreview.php
GET|HEAD,mahasiswa/course,mahasiswa.course.index,App\Http\Controllers\LearningController@courses,"web, role:mahasiswa",resources/views/learning/item.blade.php; resources/views/learning/courses.blade.php; resources/views/layouts/mahasiswa.blade.php; resources/views/mahasiswa/dashboard.blade.php; resources/views/mahasiswa/join-kelas-result.blade.php; resources/views/mahasiswa/join-kelas-confirm.blade.php; resources/views/mahasiswa/course-detail.blade.php; resources/views/mahasiswa/partials/dashboard-courses-original.blade.php; resources/views/mahasiswa/course.blade.php; app/Http/Controllers/Mahasiswa/EnrollmentController.php
GET|HEAD,mahasiswa/course/{course},mahasiswa.course.show,App\Http\Controllers\LearningController@course,"web, role:mahasiswa",resources/views/learning/item.blade.php; resources/views/learning/discussions.blade.php; resources/views/learning/quiz-room.blade.php; app/Support/LearningPreview.php; resources/views/mahasiswa/dashboard.blade.php; resources/views/mahasiswa/assignment-code.blade.php; resources/views/mahasiswa/partials/dashboard-courses-original.blade.php; resources/views/mahasiswa/course.blade.php; app/Http/Middleware/EnsureRole.php; app/Http/Controllers/LearningController.php; app/Http/Controllers/Mahasiswa/EnrollmentController.php
POST,mahasiswa/course/{course}/discussion,mahasiswa.course.discuss.class,App\Http\Controllers\LearningController@discussCourse,"web, role:mahasiswa",resources/views/learning/course.blade.php
GET|HEAD,mahasiswa/course/{course}/item/{item},mahasiswa.course.item,App\Http\Controllers\LearningController@item,"web, role:mahasiswa,dosen",resources/views/learning/course.blade.php; resources/views/learning/quiz-room.blade.php; resources/views/learning/assignments.blade.php; app/Support/LearningPreview.php; resources/views/mahasiswa/dashboard.blade.php; resources/views/mahasiswa/course-detail.blade.php; resources/views/mahasiswa/assignment.blade.php; app/Http/Controllers/LearningController.php
POST,mahasiswa/course/{course}/item/{item}/discussion,mahasiswa.course.discuss,App\Http\Controllers\LearningController@discuss,"web, role:mahasiswa,dosen",
GET|HEAD,mahasiswa/course/{course}/item/{item}/quiz,mahasiswa.quiz.room,App\Http\Controllers\LearningController@quizRoom,"web, role:mahasiswa",resources/views/learning/item.blade.php; app/Http/Controllers/LearningController.php
POST,mahasiswa/course/{course}/item/{item}/submission,mahasiswa.course.submit,App\Http\Controllers\LearningController@submit,"web, role:mahasiswa",resources/views/learning/item.blade.php; resources/views/learning/quiz-room.blade.php; resources/views/mahasiswa/assignment-code.blade.php
POST,mahasiswa/course/{course}/item/{item}/submission/cancel,mahasiswa.course.submission.cancel,App\Http\Controllers\LearningController@cancelSubmission,"web, role:mahasiswa",
GET|HEAD,mahasiswa/dashboard,mahasiswa.dashboard,App\Http\Controllers\Mahasiswa\DashboardController@index,"web, role:mahasiswa",resources/views/layouts/mahasiswa.blade.php; app/Support/LearningPreview.php; resources/views/mahasiswa/join-kelas-result.blade.php; resources/views/mahasiswa/join-kelas-confirm.blade.php; app/Http/Controllers/AuthController.php; app/Http/Controllers/Mahasiswa/DashboardController.php
GET|HEAD,mahasiswa/discussion,mahasiswa.discussion.index,App\Http\Controllers\LearningController@discussions,"web, role:mahasiswa",resources/views/learning/discussions.blade.php; resources/views/layouts/mahasiswa.blade.php; resources/views/mahasiswa/dashboard.blade.php; resources/views/mahasiswa/discussion.blade.php
GET|HEAD,mahasiswa/grade,mahasiswa.grade.index,Closure,"web, role:mahasiswa",resources/views/mahasiswa/grade.blade.php
GET|HEAD,mahasiswa/nilai,mahasiswa.nilai,App\Http\Controllers\AcademicController@student,"web, role:mahasiswa",resources/views/layouts/mahasiswa.blade.php; resources/views/learning/grades.blade.php
GET|HEAD,mahasiswa/notifikasi,mahasiswa.notifications,App\Http\Controllers\LearningController@notifications,"web, role:mahasiswa",resources/views/learning/notifications.blade.php; resources/views/layouts/mahasiswa.blade.php
POST,mahasiswa/notifikasi/clear,mahasiswa.notifications.clear,App\Http\Controllers\LearningController@clearNotifications,"web, role:mahasiswa",
POST,mahasiswa/notifikasi/{id}/delete,mahasiswa.notifications.delete,App\Http\Controllers\LearningController@deleteNotification,"web, role:mahasiswa",resources/views/learning/partials/notification-item.blade.php
GET|POST|HEAD,mahasiswa/notifikasi/{id}/read,mahasiswa.notifications.read,App\Http\Controllers\LearningController@markNotificationRead,"web, role:mahasiswa",resources/views/learning/notifications.blade.php; resources/views/learning/partials/notification-item.blade.php
GET|HEAD,mahasiswa/profile,mahasiswa.profile.index,App\Http\Controllers\Mahasiswa\ProfileController@index,"web, role:mahasiswa",resources/views/layouts/mahasiswa.blade.php; app/Http/Controllers/Mahasiswa/ProfileController.php
PUT,mahasiswa/profile/notifications,mahasiswa.profile.notifications,App\Http\Controllers\Mahasiswa\ProfileController@updateNotificationPreferences,"web, role:mahasiswa",resources/views/mahasiswa/profile.blade.php
PUT,mahasiswa/profile/password,mahasiswa.profile.password,App\Http\Controllers\Mahasiswa\ProfileController@updatePassword,"web, role:mahasiswa",resources/views/mahasiswa/profile.blade.php
POST,mahasiswa/profile/photo,mahasiswa.profile.photo,App\Http\Controllers\Mahasiswa\ProfileController@uploadPhoto,"web, role:mahasiswa",resources/views/mahasiswa/profile.blade.php
GET|HEAD,preview/files/{file},preview.file,App\Http\Controllers\LearningController@file,"web, role:mahasiswa,dosen",resources/views/learning/item.blade.php; resources/views/learning/course.blade.php; resources/views/learning/quiz-room.blade.php; resources/views/learning/partials/course-card.blade.php; app/Support/SubmissionPreview.php; resources/views/mahasiswa/assignment-code.blade.php; resources/views/dosen/partials/submission-button.blade.php; app/Http/Middleware/SecurityHeaders.php
GET|HEAD,storage/{path},storage.local,Closure,,
PUT,storage/{path},storage.local.upload,Closure,,
POST,switch-role/{role},switch-role,App\Http\Controllers\AuthController@switchRole,web,resources/views/layouts/mahasiswa.blade.php
GET|HEAD,up,,Closure,,
